{
  "en": {
    "translation": {
      "skill": {
        "name": "Ana Assistant"
      },      
      "about": {
        "contentVersion": 1,
        "lastUpdated": "2017-01-12"
      },
      "welcome": {
        "speechOutput": "%s can get drug info, schedule reminders and maybe do other things.  For more details, say help. So, what would you like?",
        "reprompt": "What can I tell you about?"
      },
      "help": {
        "speechOutput": "Here are some things you can say: %s If you're done, you can also say: stop. So, how can I help?",
        "reprompt": "How can I help you?"
      },
      "reprompts": [
        "How can I help you?",
        "What can I help you with?",
        "So, how can I help?",
        "So, what would you like me to tell you?"
      ],
      "sampleCommands": [
        "Tell me a new fact.",
        "Tell me fact number three.",
        "Repeat.",
        "Goodbye."       
      ],
      "unhandled": {
        "speechOutput": "Can you please repeat your request?",
        "reprompt": "If you are not sure what to ask, say help. To end, you can say: stop."
      },
      "goodbye": {
        "speechOutput": "Goodbye and Thank you! <audio src='https://s3.amazonaws.com/%s/audio/beam.mp3' />"
      },
      "facts": [
        "Cows go moo",
        "The grass is green",
        "The sky is blue",
        "Alexa is my friend"
      ],
      "getFact": {
        "title": "Fact %d",
        "invalidIndex": "I cannot find fact %d. Currently, I have %d facts that I can share. Please ask for a different fact number, a new fact, or give me a different instruction.",
        "cardImages": {
            "smallImageUrl": "https://s3.amazonaws.com/%s/images/image_small.jpg",
            "largeImageUrl": "https://s3.amazonaws.com/%s/images/image_large.jpg"
        }        
      }
    }
  }
}